video_id;tag_number;tag_value
zjbRIzeGBz8;1;mens fashion
zjbRIzeGBz8;2;Gucci hoody
zjbRIzeGBz8;3;gucci hoodie review
zjbRIzeGBz8;4;mens gucci
zjbRIzeGBz8;5;mens givenchy
zjbRIzeGBz8;6;givenchy
zjbRIzeGBz8;7;givenchy hoodie
zjbRIzeGBz8;8;givenchy hoodie reviews
zjbRIzeGBz8;9;burberry hoody review
zjbRIzeGBz8;10;menswear
zjbRIzeGBz8;11;burberry mens hoody
zjbRIzeGBz8;12;burberry mens review
zjbRIzeGBz8;13;burberry hoodie review
zjbRIzeGBz8;14;why are designer brands so expensive
zjbRIzeGBz8;15;why is burberry so expensive
zjbRIzeGBz8;16;why is gucci so expensive
zjbRIzeGBz8;17;hoxton trend
zjbRIzeGBz8;18;the hoxton trend
zjbRIzeGBz8;19;stone island
zjbRIzeGBz8;20;cp company
zjbRIzeGBz8;21;mens style
zgXoCGUcR9w;1;mens fashion
zgXoCGUcR9w;2;MENS SUMMER OUTFITS
zgXoCGUcR9w;3;MENS SUMMER T SHIRTS
zgXoCGUcR9w;4;DESIGNER T SHIRTS
zgXoCGUcR9w;5;outfit ideas summer
zgXoCGUcR9w;6;mens summer collection
zgXoCGUcR9w;7;summer designer sales
zgXoCGUcR9w;8;mens shorts
zgXoCGUcR9w;9;summer shirts mens
zgXoCGUcR9w;10;t shirts and shirts menswear
zgXoCGUcR9w;11;moncler t shirt
zgXoCGUcR9w;12;moncler polo
zgXoCGUcR9w;13;commes des garcon
ymraqs1B_Nw;1;mens fashion
ymraqs1B_Nw;2;tkmaxx outfit challenge
ymraqs1B_Nw;3;stone island
ymraqs1B_Nw;4;moncler
ymraqs1B_Nw;5;gucci
ymraqs1B_Nw;6;supreme
ymraqs1B_Nw;7;palace
ymraqs1B_Nw;8;cp company
ylepXks8Ti8;1;GUCCI FAKE
ylepXks8Ti8;2;FAKE VS REAL CHALLENGE
ySKd4_Fhfo4;1;mens fashion
ySKd4_Fhfo4;2;stone island
ySKd4_Fhfo4;3;winter jacket
ySKd4_Fhfo4;4;stone island jumpers
ySKd4_Fhfo4;5;stone island haul review
ySKd4_Fhfo4;6;stone island cheap
ySKd4_Fhfo4;7;stone island mens jackets
ySKd4_Fhfo4;8;best stone island review
ySKd4_Fhfo4;9;fake vs real stone island
y3UQtiJ1jTU;1;mens fashion
y3UQtiJ1jTU;2;stone island
y3UQtiJ1jTU;3;cp company
y3UQtiJ1jTU;4;valentino
y3UQtiJ1jTU;5;prada
y3UQtiJ1jTU;6;designer clothing video
y3UQtiJ1jTU;7;stone island outlet
y3UQtiJ1jTU;8;stone island hackney
y3UQtiJ1jTU;9;menswear
y3UQtiJ1jTU;10;mens designer clothing
y3UQtiJ1jTU;11;fashion interview
y3UQtiJ1jTU;12;casual football clothing
y3UQtiJ1jTU;13;clobber mens
y3UQtiJ1jTU;14;stone island prototype
xxfcC177DI4;1;off white
xxfcC177DI4;2;tkmaxx finds
xxfcC177DI4;3;mens clothing designe tkmaxx
xxfcC177DI4;4;off white at tkmaxx
xxfcC177DI4;5;designers clothes for men
xxfcC177DI4;6;stone island tkmaxx
wsubri1ow_c;1;mens fashion
wsubri1ow_c;2;tkmaxx outfit challenge
wsubri1ow_c;3;stone island
wsubri1ow_c;4;moncler
wsubri1ow_c;5;gucci
wsubri1ow_c;6;supreme
wsubri1ow_c;7;palace
wsubri1ow_c;8;cp company
wfeIdpimBcQ;1;Moncler
wfeIdpimBcQ;2;stone island
wfeIdpimBcQ;3;canada goose
wfeIdpimBcQ;4;menswear
wfeIdpimBcQ;5;designer collection
wfeIdpimBcQ;6;mens designer clothing
wfeIdpimBcQ;7;cp company
wfeIdpimBcQ;8;winter jacket
wfeIdpimBcQ;9;mens clothing stone idsland jacket
wNq_i67M2d8;1;mens fashion
wNq_i67M2d8;2;moncler
wNq_i67M2d8;3;moncler water proof
wNq_i67M2d8;4;moncler water resistant
wNq_i67M2d8;5;moncler down jacket
wNq_i67M2d8;6;moncler grenoble
wNq_i67M2d8;7;moncler gollinger
wNq_i67M2d8;8;moncler badenne
wNq_i67M2d8;9;mens moncler winter jacket review
wNq_i67M2d8;10;mens moncler jacket 2020
wNq_i67M2d8;11;designer jacket review
w-W0Kctuc-k;1;tkamxx
w-W0Kctuc-k;2;challenege
w-W0Kctuc-k;3;stone island at tkmaxx
w-W0Kctuc-k;4;menswear
w-W0Kctuc-k;5;mens clothing
w-W0Kctuc-k;6;full designer outfit
vFP9RbUhWcI;1;FAKE VS REAL MONCLER HOLOGRAM LABEL
vFP9RbUhWcI;2;moncler hologram tag
vFP9RbUhWcI;3;replica moncler jacket
vFP9RbUhWcI;4;MONCLER HOLOGRAM
vFP9RbUhWcI;5;MONCLER TIB FAKE GILET
vFP9RbUhWcI;6;real moncler
vFP9RbUhWcI;7;authentic moncler
vFP9RbUhWcI;8;HOW TO SPOTK FAKE MONCLER
vFP9RbUhWcI;9;how to spot fake moncler jackets coats
vFP9RbUhWcI;10;how to spot fake moncler jacket
vFP9RbUhWcI;11;THE HOXTON TREND
vFP9RbUhWcI;12;fake moncler jacket logo
vFP9RbUhWcI;13;fake moncler jacket vs real
vFP9RbUhWcI;14;fake moncler
vFP9RbUhWcI;15;how to spot fake moncler gilet
vFP9RbUhWcI;16;replica moncler jacket review
vFP9RbUhWcI;17;fake vs real
vFP9RbUhWcI;18;moncler certilogo check code
vFP9RbUhWcI;19;moncler hologram code
uToWtYyMg1M;1;mens fashion
uToWtYyMg1M;2;designer sale
uToWtYyMg1M;3;canada goose
uToWtYyMg1M;4;clearance sale canada goose
uToWtYyMg1M;5;cheap canada goose
uToWtYyMg1M;6;canada goose silverthorne
uToWtYyMg1M;7;mend designer sale
uToWtYyMg1M;8;canada goose winter jacket
uToWtYyMg1M;9;cheap designer clothing men
u7nX6_BI2tw;1;Y3
u7nX6_BI2tw;2;ADIDAS HU
u7nX6_BI2tw;3;ADIDAS
u7nX6_BI2tw;4;PUMA
ts96R_waqFY;1;Crepe City
ts96R_waqFY;2;Crepe City London
ts96R_waqFY;3;Crepe City Manchester
ts96R_waqFY;4;fake vs real air max 97
ts96R_waqFY;5;fake air max 97 trainers
ts96R_waqFY;6;the hoxton trend
ts96R_waqFY;7;fake vs real nike
ts96R_waqFY;8;air max 97 all white
ts96R_waqFY;9;trainers supreme
ts96R_waqFY;10;adidas
ts96R_waqFY;11;palace
ts96R_waqFY;12;wo
tn8EiIocUI4;1;cp company
tn8EiIocUI4;2;stone island jacquared smock
tiy_ccjdyJI;1;canada goose
tiy_ccjdyJI;2;moncler
tiy_ccjdyJI;3;stone island
tiy_ccjdyJI;4;cp company
tiy_ccjdyJI;5;mens designer clothing
tiy_ccjdyJI;6;cheap designer clothing
tiy_ccjdyJI;7;designerpopupstore
tiy_ccjdyJI;8;stone island winter jackets
tiy_ccjdyJI;9;canada goose jacket winter
tfrcUqbm3mQ;1;MONTHLY DESIGNER COLLECTION
tfrcUqbm3mQ;2;MONCLER
tfrcUqbm3mQ;3;STONE ISLAND
tfrcUqbm3mQ;4;CANADA GOOSE
tfrcUqbm3mQ;5;MENSWEAR
tfrcUqbm3mQ;6;DSquared
tfrcUqbm3mQ;7;Mens designer clothing
tfrcUqbm3mQ;8;London CLothing men
tDcVcslUnx8;1;STONE ISLAND
tDcVcslUnx8;2;REFLECTIVE VEST
tDcVcslUnx8;3;STONE ISLAND GILET
tDcVcslUnx8;4;STONE ISLAND REVIEW
tDcVcslUnx8;5;MENS STONE ISLAND CLOTHING
tDcVcslUnx8;6;STONE ISLAND JACKET
tDcVcslUnx8;7;MONCLER
tDcVcslUnx8;8;MENSWEAR LUXURY CLOTHING
tDcVcslUnx8;9;THE HOXTON TREND
tDcVcslUnx8;10;STONE ISLAND ENGLAND
t-xZRZx63sw;1;mens fashion
t-xZRZx63sw;2;tkmaxx outfit challenge
t-xZRZx63sw;3;stone island
t-xZRZx63sw;4;moncler
t-xZRZx63sw;5;gucci
t-xZRZx63sw;6;supreme
t-xZRZx63sw;7;palace
t-xZRZx63sw;8;cp company
sVl7n-isfjw;1;STONE ISLAND ALLIGATOR VIDEO
sVl7n-isfjw;2;STONE ISLAND COLLECTION
sVl7n-isfjw;3;ALLIGATOR COLLECTION
sVl7n-isfjw;4;MENS FASHION STONE ISLAND REVIEW
sVl7n-isfjw;5;VLOGS LONDON MENSWEAR
sVl7n-isfjw;6;MONCLER
sVl7n-isfjw;7;SUPREME
sVl7n-isfjw;8;HYPEBEAST
sJLXtbreyX0;1;The north face
sJLXtbreyX0;2;junya watanabe
sJLXtbreyX0;3;mens fashion reviews
sEKT-VpShB8;1;legit check
sEKT-VpShB8;2;stop fakes
sEKT-VpShB8;3;product authentication
sEKT-VpShB8;4;fake stone island
sEKT-VpShB8;5;how to use certilogo
sEKT-VpShB8;6;fake vs real
sEKT-VpShB8;7;certilogo
sEKT-VpShB8;8;certilogo says fake
sEKT-VpShB8;9;product authentication service
sEKT-VpShB8;10;stone island fake
sEKT-VpShB8;11;stone island fake vs real hoodie
sEKT-VpShB8;12;stone island
sEKT-VpShB8;13;how to spot fake stone island
s5snqe5KoaE;1;mens fashion
s5snqe5KoaE;2;tkmaxx outfit challenge
s5snqe5KoaE;3;stone island
s5snqe5KoaE;4;moncler
s5snqe5KoaE;5;gucci
s5snqe5KoaE;6;supreme
s5snqe5KoaE;7;palace
s5snqe5KoaE;8;cp company
rdhWL2WD-4Q;1;mens fashion
rdhWL2WD-4Q;2;tkmaxx outfit challenge
rdhWL2WD-4Q;3;stone island
rdhWL2WD-4Q;4;moncler
rdhWL2WD-4Q;5;gucci
rdhWL2WD-4Q;6;supreme
rdhWL2WD-4Q;7;palace
rdhWL2WD-4Q;8;cp company
rGosRtdmg_E;1;nike air max 72 on feet review
rGosRtdmg_E;2;nike air max 720 waves review
rGosRtdmg_E;3;nike air max 720 review
rGosRtdmg_E;4;Nike air max tuned 1 white
rGosRtdmg_E;5;Nike air max tuned 1
rGosRtdmg_E;6;Nike air max tuned
rGosRtdmg_E;7;Nike
rGosRtdmg_E;8;nike air max tuned
rGosRtdmg_E;9;nike air max 90 recraft white
rGosRtdmg_E;10;nike air max 90 recraft
rGosRtdmg_E;11;nike air max 90 recraft wolf grey
rGosRtdmg_E;12;Max
rGosRtdmg_E;13;Recraft
rGosRtdmg_E;14;Air
rGosRtdmg_E;15;Nike air max recraft
rGosRtdmg_E;16;nike air max recraft trainer review uk
r866PY3E5p4;1;mens fashion
r866PY3E5p4;2;winter jacket test nike
r866PY3E5p4;3;nike x sacai winter jacket
r866PY3E5p4;4;sacai jacket
r866PY3E5p4;5;jordan psg down jacket
r866PY3E5p4;6;menswear
r866PY3E5p4;7;outerwear
r866PY3E5p4;8;mens nike winter haul
r866PY3E5p4;9;airmax 2020 trainer
r866PY3E5p4;10;nike 2020 winter haul review
r866PY3E5p4;11;test drive nike jackets
r866PY3E5p4;12;designer jacket sacai review
r866PY3E5p4;13;mens jackets winter
r866PY3E5p4;14;warm winter jackers mens
r866PY3E5p4;15;nike psg winter
r866PY3E5p4;16;nike 23 engineered jordan
qz9vH0DeeYQ;1;mens fashion
qz9vH0DeeYQ;2;Essentials Hoody UK
qz9vH0DeeYQ;3;Fear of god
qz9vH0DeeYQ;4;Nike x FOG
qz9vH0DeeYQ;5;FOG
qz9vH0DeeYQ;6;fear of god hoody
qz9vH0DeeYQ;7;essentials collection review
qz9vH0DeeYQ;8;essentials review and try on
qz9vH0DeeYQ;9;is it worth it ?
qz9vH0DeeYQ;10;Mens hoodys
qz9vH0DeeYQ;11;mens hoodies
qz9vH0DeeYQ;12;essentials hoodies
qQ--JPr1JyA;1;
qA5M_khjJRU;1;Nike JUST DO IT PACK
qA5M_khjJRU;2;JUST DO IT
qA5M_khjJRU;3;NIKE AIR FORCE JUST DO IT
qA5M_khjJRU;4;NIKE TRAINER REVIEW
qA5M_khjJRU;5;NIKE OFFWHITE JUST DO IT
qA5M_khjJRU;6;NIKE EXP 14 trainer
qA5M_khjJRU;7;MENS LONDON NIKE REVIEW
pz4Ue39xKOw;1;Zee and co store
pz4Ue39xKOw;2;zee & co store london
pz4Ue39xKOw;3;certilogo
pz4Ue39xKOw;4;certilogo check
pz4Ue39xKOw;5;how to check certilogo
pz4Ue39xKOw;6;menswear
pz4Ue39xKOw;7;mens shopping london
pz4Ue39xKOw;8;zee and co loughton store
pz4Ue39xKOw;9;thehoxtontrend
pz4Ue39xKOw;10;the hoxton trend
pz4Ue39xKOw;11;hoxton trend
pz4Ue39xKOw;12;parajumpers jacket
pz4Ue39xKOw;13;neil barrett
pz4Ue39xKOw;14;canada goose
pz4Ue39xKOw;15;moose knuckles
pz4Ue39xKOw;16;loughton
pz4Ue39xKOw;17;london store tour
pz4Ue39xKOw;18;zee and co store tour london
pz4Ue39xKOw;19;axel arigato
pz4Ue39xKOw;20;things to do in london
pz4Ue39xKOw;21;zee & co
pz4Ue39xKOw;22;how to use certilogo
pz4Ue39xKOw;23;parajumpers vs canada goose
pz4Ue39xKOw;24;Cp company jackets
pz4Ue39xKOw;25;mens clothing haul
pwbEEn8zK1U;1;MONCLER
pwbEEn8zK1U;2;STONE ISLAND
pwbEEn8zK1U;3;ADIDAS
pwbEEn8zK1U;4;CANADA GOOSE
pwbEEn8zK1U;5;MONTHLY DESIGNER COLLECTION
pwbEEn8zK1U;6;MENS DESIGNER COLLECTION
pwbEEn8zK1U;7;CANADA GOOSE JACKET
pkrMzCGL4h4;1;mens fashion
pkrMzCGL4h4;2;Palm angels fake vs real
pkrMzCGL4h4;3;palm angels counterfiet
pkrMzCGL4h4;4;fake palm angels hoody
pkrMzCGL4h4;5;mens palm angels fake tags
pkrMzCGL4h4;6;how to spot a fake palm angels hood
pkrMzCGL4h4;7;is my palm angels fake ?
pMJ0a8TaOzE;1;mens fashion
pMJ0a8TaOzE;2;stone island
pMJ0a8TaOzE;3;moncler
pMJ0a8TaOzE;4;gucci
pMJ0a8TaOzE;5;cp company
pMJ0a8TaOzE;6;maison kitsune
pMJ0a8TaOzE;7;rhude
pMJ0a8TaOzE;8;t shirt summer 2021
pMJ0a8TaOzE;9;designer t shirts
pMJ0a8TaOzE;10;budget
pMJ0a8TaOzE;11;mens t shirt selections
pMJ0a8TaOzE;12;mens designer t shirts
pMJ0a8TaOzE;13;spring summer mens designer
pMJ0a8TaOzE;14;mastermind japan
pMJ0a8TaOzE;15;moncler grenoble
pMJ0a8TaOzE;16;ksubi
pMJ0a8TaOzE;17;amiri t shirts
pMJ0a8TaOzE;18;burberry tshirt
pMJ0a8TaOzE;19;gucci t shirt
oXY2fV_B1Ac;1;Stone Island
oXY2fV_B1Ac;2;Moncler
oXY2fV_B1Ac;3;Canada Goose
o9S-1p1GZzs;1;Nike air max 370 react
o9S-1p1GZzs;2;Nike Air VaporMax Utility
o9S-1p1GZzs;3;Off white vulcanised trainer lo
o9S-1p1GZzs;4;nike air max element 55 se
o9S-1p1GZzs;5;nike air ghost racer
o9S-1p1GZzs;6;nike vapor max
o9S-1p1GZzs;7;nike air max 270 eng
o9S-1p1GZzs;8;off white trainers
o9S-1p1GZzs;9;on feet
o1J0vl9HliI;1;stone island
o1J0vl9HliI;2;massimo osti
o1J0vl9HliI;3;mass appeal london
nUS5P-oTUc4;1;
nOCbMAGBRvI;1;Stone island bum bag
nOCbMAGBRvI;2;cp company bum bag
nOCbMAGBRvI;3;mens bag
nOCbMAGBRvI;4;stone island bag
nOCbMAGBRvI;5;mens accessories
nOCbMAGBRvI;6;stone island clothing
nHqEG-_O7bs;1;Yeezy 350 V2 belyga review
n3LQXLUW694;1;Nobis
m7uDJShYyt4;1;mens fashion
m7uDJShYyt4;2;CANADA GOOSE
m7uDJShYyt4;3;WOOLRICH
m7uDJShYyt4;4;THE NORTH FACE
m7uDJShYyt4;5;PEAK PERFOMANCE
m7uDJShYyt4;6;PYRANEX
m7uDJShYyt4;7;PARAJUMPERS
lZDYNum43CI;1;how to spot a fake balenciaga triple s
lZDYNum43CI;2;balenciaga triple s
lZDYNum43CI;3;triple s
lZDYNum43CI;4;fake balenciaga
lZDYNum43CI;5;fake balenciaga review
lZDYNum43CI;6;balenciaga real vs fake
lZDYNum43CI;7;balenciaga review
lZDYNum43CI;8;balenciaga clear sole triple s
lZDYNum43CI;9;balenciaga c
lY60ILtQ2pY;1;MONCLER
lY60ILtQ2pY;2;EBAY SCAM
kuAX283wb_E;1;mens fashion
kuAX283wb_E;2;stone island
kuAX283wb_E;3;moncler
kuAX283wb_E;4;gucci
kuAX283wb_E;5;cp company
kuAX283wb_E;6;ami
kuAX283wb_E;7;burberry parka jacket
kuAX283wb_E;8;winet jackets
kuAX283wb_E;9;best winter jackets for me
kuAX283wb_E;10;designer jackets mens
kuAX283wb_E;11;winter jackets luxury
kuAX283wb_E;12;canada goose
kuAX283wb_E;13;the hoxton trend
kuAX283wb_E;14;hoxton trend
kuAX283wb_E;15;menswear reviews
kuAX283wb_E;16;jacket review
kuAX283wb_E;17;designer collections
jltsAQQQztc;1;Stone island mist jacket
jltsAQQQztc;2;winter jacket
jltsAQQQztc;3;winter parka jacket
jltsAQQQztc;4;mackage jacket
jltsAQQQztc;5;mackage dixon jacket
jltsAQQQztc;6;canada goose parka review
jltsAQQQztc;7;canada goose emory
jltsAQQQztc;8;winter cold jackets
jltsAQQQztc;9;menswear
jltsAQQQztc;10;Canada goose jacket review
jltsAQQQztc;11;stone island jacket review
jltsAQQQztc;12;stone island down jacket review
jImjVV_1rrc;1;MONCLER
jImjVV_1rrc;2;STONE ISLAND
jImjVV_1rrc;3;DESIGNER COLLECTION
jBNHj9UeN7A;1;Canada goose wyndham
jBNHj9UeN7A;2;canada goose chilliwack
jBNHj9UeN7A;3;outdoor winter test
jBNHj9UeN7A;4;winter down jacket
jBNHj9UeN7A;5;parka jacket
jBNHj9UeN7A;6;canada goose carson
jBNHj9UeN7A;7;canada goose emory
jBNHj9UeN7A;8;canada goose macmillan
jBNHj9UeN7A;9;canada maitland
jBNHj9UeN7A;10;winter jacket cold
igR_UzaUlHw;1;Certilogo
igR_UzaUlHw;2;how ti use the certilogo
igR_UzaUlHw;3;avoid countefiet clothing
ieNYrZkiC9Q;1;mens fashion
ieNYrZkiC9Q;2;sneaker collection
ieNYrZkiC9Q;3;my trainer collection
ieNYrZkiC9Q;4;sneaker head
ieNYrZkiC9Q;5;nike collection
ieNYrZkiC9Q;6;nike air max 90 bw
ieNYrZkiC9Q;7;nike air max 97 bw
ieNYrZkiC9Q;8;nike air animal paclk
ieNYrZkiC9Q;9;nike air hurache
ieNYrZkiC9Q;10;nike air max 98 tripe white
iA27B9BmhlQ;1;Xmas sales
iA27B9BmhlQ;2;january sales
iA27B9BmhlQ;3;menswear sales
iA27B9BmhlQ;4;best places to shop
iA27B9BmhlQ;5;best places to shop for clothes online
iA27B9BmhlQ;6;best places to shop for mens clothing
iA27B9BmhlQ;7;menswear sales online
iA27B9BmhlQ;8;designer clothing sales
iA27B9BmhlQ;9;neil barr
hqNNEUbzhwc;1;stone island vintage
hqNNEUbzhwc;2;vintage moschino
hqNNEUbzhwc;3;vintage burberry
hqNNEUbzhwc;4;vintage cp company
hqNNEUbzhwc;5;vintage dolce
hqNNEUbzhwc;6;jazzy badger
hqNNEUbzhwc;7;interview with jazzy badger
hqNNEUbzhwc;8;mens clothing
hqNNEUbzhwc;9;stone island collection
hqNNEUbzhwc;10;gucci vintage
hqNNEUbzhwc;11;supreme
hqNNEUbzhwc;12;hype beast
hqNNEUbzhwc;13;the hoxton trend
hSluv7Goch8;1;mens fashion
hSluv7Goch8;2;moncler
hSluv7Goch8;3;supreme
hSluv7Goch8;4;palace
hSluv7Goch8;5;cp company
hSluv7Goch8;6;scammed on depop
hSluv7Goch8;7;scammed online shopping
hSluv7Goch8;8;mens fashion london
hSluv7Goch8;9;how to avoid depop scammers
hSluv7Goch8;10;my story scammed on depop
hSluv7Goch8;11;depop mens
hSluv7Goch8;12;depop stone island
hSluv7Goch8;13;depop mens clothing
hSluv7Goch8;14;designer clothing london mens
hRTAyAmuo6I;1;mens fashion
hRTAyAmuo6I;2;Presented by
hRTAyAmuo6I;3;Rare trainers
hRTAyAmuo6I;4;Off white 97 air max
hRTAyAmuo6I;5;Jordan 1 black cat
hRTAyAmuo6I;6;jordan la to chicago
hRTAyAmuo6I;7;london shopping
hRTAyAmuo6I;8;rare sneakers
hRTAyAmuo6I;9;trainer stores london
hRTAyAmuo6I;10;best trainer store
hRTAyAmuo6I;11;nike presto off white
hRTAyAmuo6I;12;nike rare
hRTAyAmuo6I;13;adidas yeezy boost
hGlUVl7qhYs;1;mens fashion
hGlUVl7qhYs;2;tkmaxx outfit challenge
hGlUVl7qhYs;3;stone island
hGlUVl7qhYs;4;moncler
hGlUVl7qhYs;5;gucci
hGlUVl7qhYs;6;supreme
hGlUVl7qhYs;7;palace
hGlUVl7qhYs;8;cp company
hFm7VshJZxM;1;Ebay
hFm7VshJZxM;2;depop
hFm7VshJZxM;3;how is better to sell
hFm7VshJZxM;4;who is bettter
hFm7VshJZxM;5;Sell on ebay
hFm7VshJZxM;6;sell on depop
gZwiZWy71XA;1;Nike Air Jordans Newspaper
gZwiZWy71XA;2;Nike AJ1 trainers
gZwiZWy71XA;3;nike 720
gZwiZWy71XA;4;nike element 55
gZwiZWy71XA;5;nike air 720
gZwiZWy71XA;6;nike air max trainer review
gZwiZWy71XA;7;nike trainers UJ London
gZwiZWy71XA;8;nike react element
gZwiZWy71XA;9;nike react trainers 55 element
gZwiZWy71XA;10;jordan
fe5JRVmpZWw;1;mens fashion
fe5JRVmpZWw;2;stone island
fe5JRVmpZWw;3;moncler
fe5JRVmpZWw;4;cp company
fe5JRVmpZWw;5;cheap designer items
fe5JRVmpZWw;6;designer sale
fe5JRVmpZWw;7;stone island cheap
fe5JRVmpZWw;8;stone island sales
fe5JRVmpZWw;9;cp company sales
fe5JRVmpZWw;10;valentino sales
fe5JRVmpZWw;11;outlet sales
fe5JRVmpZWw;12;mens designer clothes cheap
fe5JRVmpZWw;13;stone island jumpers
fe5JRVmpZWw;14;cp company joggers
fe5JRVmpZWw;15;stone island joggers
fe5JRVmpZWw;16;canada goose winter jacket
fe5JRVmpZWw;17;brick lane
fe5JRVmpZWw;18;designer pop up store
fe5JRVmpZWw;19;mens clothing
fe5JRVmpZWw;20;store tour london shopping
fe5JRVmpZWw;21;mens shopping designer
fSqVdDfqZME;1;Stone island
fSqVdDfqZME;2;stone island football
fSqVdDfqZME;3;stone island football culture
fSqVdDfqZME;4;stone island buts football club
fSqVdDfqZME;5;stone island football jersey
fR2ZdbX7otA;1;Hoxton Trend
fR2ZdbX7otA;2;valentino rock studs review
fR2ZdbX7otA;3;gucci trainers review
fR2ZdbX7otA;4;alexander mcqueen trainers
fR2ZdbX7otA;5;alexander mcqueen
fR2ZdbX7otA;6;Alexander mcqueen air bubble
fR2ZdbX7otA;7;rockstud trainer review
fR2ZdbX7otA;8;rockstud valentino trainers
fR2ZdbX7otA;9;which designer trainers
fR2ZdbX7otA;10;gucci worth it
fR2ZdbX7otA;11;valentino rock studs worth it
fR2ZdbX7otA;12;alexander mcqueen trainers worth it
fR2ZdbX7otA;13;designer trainer review
fR2ZdbX7otA;14;designer trainer try on
fR2ZdbX7otA;15;high end
fR2ZdbX7otA;16;shoe collection
fR2ZdbX7otA;17;best and worst
fR2ZdbX7otA;18;valentino rockstud sneakers review
fR2ZdbX7otA;19;gucci sneakers men
fKoz-ERraNk;1;Nike trainer follower collection
fKoz-ERraNk;2;Collection
fKoz-ERraNk;3;Follower
fKoz-ERraNk;4;Trainer
fKoz-ERraNk;5;Nike
fKoz-ERraNk;6;Footwear design
fKoz-ERraNk;7;footwear collection
fKoz-ERraNk;8;Nike off white air max
fKoz-ERraNk;9;Nike off white air force 1 white
fKoz-ERraNk;10;nike off white blazer
fKoz-ERraNk;11;nike off white
fKoz-ERraNk;12;presented by
fKoz-ERraNk;13;london trainer store
fKoz-ERraNk;14;best store for trainers london
fKoz-ERraNk;15;uk trainer store best
fKoz-ERraNk;16;streetwear collection
f1qHeW-wgKU;1;canada goose fur trim
f1qHeW-wgKU;2;canada goose reflective hood trim
f1qHeW-wgKU;3;canada goose wyndham
f1qHeW-wgKU;4;canada goose mens white down jacket
f1qHeW-wgKU;5;down jackets winter
f1qHeW-wgKU;6;genuine canada goose review
f1qHeW-wgKU;7;fake vs real canada goose
f1qHeW-wgKU;8;canada goose winter jacket review
f1qHeW-wgKU;9;how to tell a fake canada goose
equewwgv550;1;mens fashion
equewwgv550;2;moncler
equewwgv550;3;gucci
equewwgv550;4;central cee
equewwgv550;5;nike tech fleece tracksuit
equewwgv550;6;mens fashion trends
equewwgv550;7;mens fashion tips
equewwgv550;8;how to get this look
equewwgv550;9;central cee moncler jacket orange
equewwgv550;10;central cee 6 for 6 style challenge
equewwgv550;11;central cee trapstar
equewwgv550;12;central cee nike airmax
equewwgv550;13;central cee jordan
equewwgv550;14;central cee style
equewwgv550;15;what jacket is central cee wearing
equewwgv550;16;what is central cee wearing ?
eYG8v9dz7Xg;1;top ten finds
eYG8v9dz7Xg;2;stone island outlet
eYG8v9dz7Xg;3;top ten stone island
eYG8v9dz7Xg;4;top ten items mens
eYG8v9dz7Xg;5;stone island clothing
eYG8v9dz7Xg;6;stone island cheap
eYG8v9dz7Xg;7;stone island shop hackney
eYG8v9dz7Xg;8;stone island sales
eYG8v9dz7Xg;9;stone island mens jacket
eYG8v9dz7Xg;10;stone island jumper
eYG8v9dz7Xg;11;stone island fake
eQC6LNzD4mw;1;Gucci review jacket
e57NB_fNqUs;1;gucci
e57NB_fNqUs;2;tkmaxx
dZXXWOgUlP0;1;nike
dZXXWOgUlP0;2;clothing haul
dZXXWOgUlP0;3;mens style
dZXXWOgUlP0;4;mens fashion
dZXXWOgUlP0;5;try on
dZXXWOgUlP0;6;mens clothing haul
dZXXWOgUlP0;7;shoes
dZXXWOgUlP0;8;outfit challenge
dZXXWOgUlP0;9;nike challenge
dZXXWOgUlP0;10;how to style
dZXXWOgUlP0;11;sneaker
dZXXWOgUlP0;12;outfits
dZXXWOgUlP0;13;streetwear
dZXXWOgUlP0;14;mens fashion uk
dZXXWOgUlP0;15;try on haul
dZXXWOgUlP0;16;lookbook
dZXXWOgUlP0;17;air max day
dZXXWOgUlP0;18;air max 95
dZXXWOgUlP0;19;air max 90
dZXXWOgUlP0;20;air max plus
dZXXWOgUlP0;21;nike air max plus
dZXXWOgUlP0;22;nike tuned 1
dZXXWOgUlP0;23;kicks
dZXXWOgUlP0;24;cargo pants
dZXXWOgUlP0;25;acg
dOa5VrHQz8g;1;Nike Air Max Day
dOa5VrHQz8g;2;Crepe City
dOa5VrHQz8g;3;London
dOa5VrHQz8g;4;Nike Review
dOa5VrHQz8g;5;Sean Wotherspoons
dJzVLCh7rnk;1;mens fashion
dJzVLCh7rnk;2;tkmaxx outfit challenge
dJzVLCh7rnk;3;stone island
dJzVLCh7rnk;4;moncler
dJzVLCh7rnk;5;gucci
dJzVLCh7rnk;6;supreme
dJzVLCh7rnk;7;palace
dJzVLCh7rnk;8;cp company
bopN0IDT6_8;1;bicestor village
bopN0IDT6_8;2;outlet tours
bopN0IDT6_8;3;mens prada
bopN0IDT6_8;4;mens gucci
bopN0IDT6_8;5;giuseppe zanotti
bopN0IDT6_8;6;moncler
bopN0IDT6_8;7;bicestor village visting
bopN0IDT6_8;8;prices at bicestor village
bopN0IDT6_8;9;mens shopping uk
bopN0IDT6_8;10;cheap designers
bopN0IDT6_8;11;uk outlets
bopN0IDT6_8;12;best outlet uk
bopN0IDT6_8;13;moncler cheap outlets
bopN0IDT6_8;14;gucci outlet
bopN0IDT6_8;15;prada outlet
bopN0IDT6_8;16;valentino
bopN0IDT6_8;17;gucci belt cheap
bopN0IDT6_8;18;mens gucci sales
bopN0IDT6_8;19;bicester
bopN0IDT6_8;20;bicester village
bopN0IDT6_8;21;bicester cheap outlets
bebeP6X_htQ;1;
bEF1KRrygS4;1;mens fashion
bEF1KRrygS4;2;WINTER JACKET
bEF1KRrygS4;3;winter jacket review
bEF1KRrygS4;4;canada goose winter jacket review
bEF1KRrygS4;5;mens canada goose chilliwack
bEF1KRrygS4;6;moost knuckles
bEF1KRrygS4;7;mackage winter jacket
bEF1KRrygS4;8;mens moose knuckles balistic bomber jacket
bEF1KRrygS4;9;winter jacket comparisons mens
bEF1KRrygS4;10;moose knuckles vs canada goose
bEF1KRrygS4;11;menswear reviews
aq_5qRW761c;1;BUYING ON EBAY
aq_5qRW761c;2;HOW TO BUY ON EBAY
aq_5qRW761c;3;BUYING DESIGNER CLOTHING
aq_5qRW761c;4;HOW TO BUY CLOTHES
aq_5qRW761c;5;BUYING MENS CLOTHING
aq_5qRW761c;6;how to buy clothing cheap
aq_5qRW761c;7;mens designer clothing cheap
aq_5qRW761c;8;buying guides and tips men
_wE3qHo7QgI;1;mens fashion
_wE3qHo7QgI;2;tkmaxx outfit challenge
_wE3qHo7QgI;3;stone island
_wE3qHo7QgI;4;moncler
_wE3qHo7QgI;5;gucci
_wE3qHo7QgI;6;supreme
_wE3qHo7QgI;7;palace
_wE3qHo7QgI;8;cp company
_X1vkkjPfIw;1;mens fashion
_X1vkkjPfIw;2;KLARNA
_X1vkkjPfIw;3;BUY NOW PAY LATER
_X1vkkjPfIw;4;KLARNA PAY LATER
_X1vkkjPfIw;5;KLARNA DEBT
_X1vkkjPfIw;6;LOVE ISLAND KLARNA
_X1vkkjPfIw;7;SHOULD YOU USE KLARNA
_X1vkkjPfIw;8;IS KLARNA GOOD OR BAD ?
_X1vkkjPfIw;9;HOW KLARNA WORKS
_X1vkkjPfIw;10;REACTION TO KLARNA
_X1vkkjPfIw;11;USING DEBT TO BUY CLOTHES
_MqhXMG5t_Y;1;stone island
_MqhXMG5t_Y;2;moncler
_MqhXMG5t_Y;3;cp company
_MqhXMG5t_Y;4;off white
_MqhXMG5t_Y;5;stone island cargo pants
_MqhXMG5t_Y;6;moncler maya jacket
_MqhXMG5t_Y;7;BALENCIAGA
_MqhXMG5t_Y;8;store tour
_MqhXMG5t_Y;9;mens fashion
_MqhXMG5t_Y;10;brick lane
_MqhXMG5t_Y;11;truman brewery
_MqhXMG5t_Y;12;designer pop up store
_MqhXMG5t_Y;13;hoxton trend
_MqhXMG5t_Y;14;moncler mellz
_MqhXMG5t_Y;15;givenchy
_MqhXMG5t_Y;16;balenciaga triple s clear sole
_MqhXMG5t_Y;17;store review
_MqhXMG5t_Y;18;london shopping
_MqhXMG5t_Y;19;clothes shopping
_H8PA7ydStc;1;mens fashion
_H8PA7ydStc;2;tkmaxx outfit challenge
_H8PA7ydStc;3;stone island
_H8PA7ydStc;4;moncler
_H8PA7ydStc;5;gucci
_H8PA7ydStc;6;supreme
_H8PA7ydStc;7;palace
_H8PA7ydStc;8;cp company
_H8PA7ydStc;9;EASTER WEEKEND DEALS
_H8PA7ydStc;10;EASTER SHOPPING DESIGNERS
_H8PA7ydStc;11;MENSWEAR
_H8PA7ydStc;12;MENS FASHION
_H8PA7ydStc;13;EASTER BARGAINS
Zkb8xhWqnQ4;1;TRAINERS
Zkb8xhWqnQ4;2;CREPES
Zkb8xhWqnQ4;3;EXCLUSIVE
Zkb8xhWqnQ4;4;PRESENT BY
Zkb8xhWqnQ4;5;TRAINER STORE
Zkb8xhWqnQ4;6;CREPES EXPENSIVE
Zkb8xhWqnQ4;7;NIKE MAGS
Zkb8xhWqnQ4;8;Back to the futire trainers
Zkb8xhWqnQ4;9;most expensive trainers
Z4g7cJcO_po;1;Black friday Sales
Z4IiOQ1ytEY;1;MONCLER
Z4IiOQ1ytEY;2;COACH
Z4IiOQ1ytEY;3;STONE ISLAND
Z4IiOQ1ytEY;4;AVIREX
Z-u8U4_otl4;1;STONE ISLAND
Z-u8U4_otl4;2;MONCLER
Z-u8U4_otl4;3;CPCOMPANY
Z-u8U4_otl4;4;CP COMPANY
Z-u8U4_otl4;5;y-3
Z-u8U4_otl4;6;NEIL BARRETT
Z-u8U4_otl4;7;BARBOUR
Z-u8U4_otl4;8;NEW MENS CLOTHES
Z-u8U4_otl4;9;LONDON VLOG
Z-u8U4_otl4;10;MENS FASHION
Z-u8U4_otl4;11;LONDIN FASHION MENS
Yvu9QBJio5w;1;Canada Goose Borden Jacket
Yvu9QBJio5w;2;canada goose mens full review
Yvu9QBJio5w;3;canada goose how to spot a fake
Yvu9QBJio5w;4;warmest winer jackets
YUV-fXikTl4;1;Farfetch mens
YUV-fXikTl4;2;farfetch designer haul
YUV-fXikTl4;3;designer collection
YUV-fXikTl4;4;moncler polo
YUV-fXikTl4;5;ami t shirt
YUV-fXikTl4;6;menswear designer collection
YUV-fXikTl4;7;Ksubi jeans mens
YUV-fXikTl4;8;Off white vulcanised trainers
YUV-fXikTl4;9;mens designer t shirts
YUV-fXikTl4;10;skinny jeans mens ksubi
YUV-fXikTl4;11;moncler t shirt
YUV-fXikTl4;12;farfetch mens designer clothing
YUV-fXikTl4;13;designer shopping unboxing
YUTFNCrdcUc;1;AW18 CP Company
YUTFNCrdcUc;2;AW18 CP Company Jackets
YUTFNCrdcUc;3;CP Company Jackets
YUTFNCrdcUc;4;CP Company Hoodie
YUTFNCrdcUc;5;CP
YUTFNCrdcUc;6;Premuim Clothing
YUTFNCrdcUc;7;Mens Premium Clothing
YUTFNCrdcUc;8;Luxury Clothing
YUTFNCrdcUc;9;Mens Luxury Clothing
YUTFNCrdcUc;10;Designer Jackets
YUTFNCrdcUc;11;Designer Clothing
YEKcp8sKsQY;1;FAKES IN EBAY MONCLER
YEKcp8sKsQY;2;STONE ISLAND
YEKcp8sKsQY;3;CP COMPANY
YEKcp8sKsQY;4;CANADA GOOSE FAKES
YEKcp8sKsQY;5;FAKE CLOTHES
YEKcp8sKsQY;6;COUNTERFIETS ON EBAY
YCkWZ0rmpxE;1;mens fashion
YCkWZ0rmpxE;2;tkmaxx outfit challenge
YCkWZ0rmpxE;3;stone island
YCkWZ0rmpxE;4;moncler
YCkWZ0rmpxE;5;gucci
YCkWZ0rmpxE;6;supreme
YCkWZ0rmpxE;7;palace
YCkWZ0rmpxE;8;cp company
YCkWZ0rmpxE;9;ralph lauren
YCkWZ0rmpxE;10;summer outfit
YCkWZ0rmpxE;11;ralph lauren shorts
YCkWZ0rmpxE;12;ralph lauren polo
Y4MKJBQGIAw;1;CP COMPANY X ADIDAS
Y4MKJBQGIAw;2;MENS CP COMPANY
Y4MKJBQGIAw;3;CP COMPANY ADIDAS COLLECTION
Y-54MhbXVoE;1;mens fashion
Y-54MhbXVoE;2;stone island
Y-54MhbXVoE;3;cp company
Y-54MhbXVoE;4;givenchy
Y-54MhbXVoE;5;valentino mens
Y-54MhbXVoE;6;givenchy mens sneakers
Y-54MhbXVoE;7;givenchy menswear 2019
Y-54MhbXVoE;8;valentino rockstud shoes
Y-54MhbXVoE;9;nike air max 97
Y-54MhbXVoE;10;nike 270 air max
Y-54MhbXVoE;11;stone island ss19 sweatshirt
Y-54MhbXVoE;12;mens style review
Y-54MhbXVoE;13;mens designer haul
Y-54MhbXVoE;14;london mens fashion
Y-54MhbXVoE;15;stone island hoodie
Y-54MhbXVoE;16;stone island cargo pants
Y-54MhbXVoE;17;stone island jacket
Y-54MhbXVoE;18;spring summer menswear 2019
Y-54MhbXVoE;19;spring summer menswear
Y-54MhbXVoE;20;spring summer men's outfits
XfVvds5-TWs;1;stone island
XfVvds5-TWs;2;how does stone island fit
XfVvds5-TWs;3;stone island jeans
XfVvds5-TWs;4;stone island review
XfVvds5-TWs;5;mens fashion
XfVvds5-TWs;6;the hoxton trend
XfVvds5-TWs;7;hoxton trend
XfVvds5-TWs;8;stone island skinny jeans
XfVvds5-TWs;9;stone island slim fit jeans
XfVvds5-TWs;10;stone island regular
XfVvds5-TWs;11;stone island wash jeans
XfVvds5-TWs;12;stone island denim
XfVvds5-TWs;13;menswear
XfVvds5-TWs;14;menswear essentials
XfEOrjWw8Vk;1;EASTER DEALS
XfEOrjWw8Vk;2;MENS SHOPPING DEALS
XfEOrjWw8Vk;3;BEST PLACES TO SHOP EASTER 2020
XfEOrjWw8Vk;4;LOCK DOWN DEALS
XfEOrjWw8Vk;5;mens style
XfEOrjWw8Vk;6;mens fashion 2020
XfEOrjWw8Vk;7;mens fashion tips
XfEOrjWw8Vk;8;STONE ISLAND
XfEOrjWw8Vk;9;MARSHALL ARTISTS
XfEOrjWw8Vk;10;NIKE
XfEOrjWw8Vk;11;ADIDAS ONLINE
XfEOrjWw8Vk;12;NIKE ONLINE
XfEOrjWw8Vk;13;DESIGNER SHOPPING
XfEOrjWw8Vk;14;CHEAP DESIGNER DEALS
XfEOrjWw8Vk;15;CHEAP BRANDS
XfEOrjWw8Vk;16;mens fashion spring 2020
XfEOrjWw8Vk;17;MENS SHORTS
XfEOrjWw8Vk;18;MENS T SHIRT
XfEOrjWw8Vk;19;TRACKSUIT BOTTOMS
XUWQsiaGpvM;1;mens fashion
XUWQsiaGpvM;2;tkmaxx outfit challenge
XUWQsiaGpvM;3;stone island
XUWQsiaGpvM;4;moncler
XUWQsiaGpvM;5;gucci
XUWQsiaGpvM;6;supreme
XUWQsiaGpvM;7;palace
XUWQsiaGpvM;8;cp company
XUWQsiaGpvM;9;mens summer spring outfit
XUWQsiaGpvM;10;style challenge
WvcPctJj9B4;1;GUCCI
WvcPctJj9B4;2;MENS GUCCI
WvcPctJj9B4;3;MENS GUCCI JACKET
WvcPctJj9B4;4;MENS GUCCI PRINT PANTHER JACKET
WvcPctJj9B4;5;GUCCI CLOTHES MEN
WvcPctJj9B4;6;GUCCI AW18 COLLECTION
WvcPctJj9B4;7;MENS FASHION LONDON
WvcPctJj9B4;8;LONDON YOUTUBER
WvcPctJj9B4;9;MENS FASHION GUCCI CLOTHES
WHa1EELqPqs;1;mens fashion
WHa1EELqPqs;2;stone island
WHa1EELqPqs;3;moncler
WHa1EELqPqs;4;cp company
WHa1EELqPqs;5;water resistant jackets
WHa1EELqPqs;6;winter jackets mens
WHa1EELqPqs;7;mens rain resistance
WHa1EELqPqs;8;canada goose winter jacket
WHa1EELqPqs;9;stone island water resistant jacket
WHa1EELqPqs;10;stone island winter jacket
WHa1EELqPqs;11;mens jacket winter
WHa1EELqPqs;12;stone island jacket review
WHa1EELqPqs;13;best water proof jacket
W7Brz-BxvYI;1;MONCLER OUTLET
W7Brz-BxvYI;2;MONCLER CHEAP
W7Brz-BxvYI;3;BICESTER VILLAGE MONCLER
W7Brz-BxvYI;4;MONCLER SALES
W7Brz-BxvYI;5;MONCLER JACKET
W7Brz-BxvYI;6;MONCLER MAYA
W7Brz-BxvYI;7;BICESTER VILLAGE
VwpvlYvl7kk;1;mens fashion
VwpvlYvl7kk;2;tkmaxx outfit challenge
VwpvlYvl7kk;3;stone island
VwpvlYvl7kk;4;moncler
VwpvlYvl7kk;5;gucci
VwpvlYvl7kk;6;supreme
VwpvlYvl7kk;7;palace
VwpvlYvl7kk;8;cp company
VwpvlYvl7kk;9;PRADA
VwpvlYvl7kk;10;KENZO
VwpvlYvl7kk;11;CP COMPANY
VwpvlYvl7kk;12;SS19 STONE ISLAND SWEATER
VwpvlYvl7kk;13;REFLECTIVE SWEATER
VwpvlYvl7kk;14;DESIGNER CLOTHING MYSTERY UNBOXING
VwpvlYvl7kk;15;MENS DESIGNER CLOTHES
VwpvlYvl7kk;16;PHILIP PLEIN
VwpvlYvl7kk;17;GUCCI BELT MENS
VwpvlYvl7kk;18;SAINT LAURENT
Vug_rPfBUF0;1;mens fashion
Vug_rPfBUF0;2;adidas outlet
Vug_rPfBUF0;3;adidas trainers
Vug_rPfBUF0;4;02 icon outlet
Vug_rPfBUF0;5;adidas trainer challenge
Vug_rPfBUF0;6;menswear challenge s
Vug_rPfBUF0;7;store tour
Vug_rPfBUF0;8;mens trainers
Vug_rPfBUF0;9;outlet 02 greenwhich
Vug_rPfBUF0;10;nike outlet
Vr_t15m4tu0;1;MONCLER
VkLmpWRA2mg;1;Stone island
Tkj7JKzhnv4;1;Palm Angels
Tkj7JKzhnv4;2;Mens palm. angels review
Tkj7JKzhnv4;3;fake vs real palm angels
Tkj7JKzhnv4;4;mens palm angels sweater
Tkj7JKzhnv4;5;mens palm angels
Tkj7JKzhnv4;6;mens palm angels t shirt
Tkj7JKzhnv4;7;Palm angels los angeles
Tkj7JKzhnv4;8;mens palm angels jumper
TeOxlp0wpr0;1;mens fashion
TeOxlp0wpr0;2;cp company
TeOxlp0wpr0;3;canada goose
TeOxlp0wpr0;4;canada goose macmillan
TeOxlp0wpr0;5;canada goose bromley
TeOxlp0wpr0;6;canada goose carson parka
TeOxlp0wpr0;7;canada goose winter jacket compare
TeOxlp0wpr0;8;best canada goose jacket review
TeOxlp0wpr0;9;trying on canada goose
TcvGrs3auWY;1;mens fashion
TcvGrs3auWY;2;tkmaxx outfit challenge
TcvGrs3auWY;3;stone island
TcvGrs3auWY;4;moncler
TcvGrs3auWY;5;gucci
TcvGrs3auWY;6;supreme
TcvGrs3auWY;7;palace
TcvGrs3auWY;8;cp company
TX3TFXp2y2M;1;mens fashion
TX3TFXp2y2M;2;tkmaxx outfit challenge
TX3TFXp2y2M;3;stone island
TX3TFXp2y2M;4;moncler
TX3TFXp2y2M;5;gucci
TX3TFXp2y2M;6;supreme
TX3TFXp2y2M;7;palace
TX3TFXp2y2M;8;cp company
SmpU344Ozpo;1;stone island
SmpU344Ozpo;2;shadow projects
SmpU344Ozpo;3;stone island scarabeo
SmpU344Ozpo;4;scarabeo
SmpU344Ozpo;5;winter jackets stone island
Sll-eAI99og;1;mens fashion
Sll-eAI99og;2;tkmaxx outfit challenge
Sll-eAI99og;3;stone island
Sll-eAI99og;4;moncler
Sll-eAI99og;5;gucci
Sll-eAI99og;6;supreme
Sll-eAI99og;7;palace
Sll-eAI99og;8;cp company
Sll-eAI99og;9;ralph lauren
Sll-eAI99og;10;heated jackets
Sll-eAI99og;11;battery powered heat jacket
Sll-eAI99og;12;ralph lauren heated jackets
Sll-eAI99og;13;mens ralph lauren
Sll-eAI99og;14;mens jacket ralph lauren
ScyCWqwK2PQ;1;Facebook community for fashion
ScyCWqwK2PQ;2;menswear
ScyCWqwK2PQ;3;get legit checks
ScyCWqwK2PQ;4;get help with paypal scams
ScyCWqwK2PQ;5;facebook group
ScyCWqwK2PQ;6;menswear community
ScyCWqwK2PQ;7;legit check clothing
ScyCWqwK2PQ;8;legit check stone island
ScyCWqwK2PQ;9;legit check designer clothing
ScyCWqwK2PQ;10;legit check gucci
STdQCfiYixs;1;SEAN WOTHERSPOON TRAINER REVIEW
STdQCfiYixs;2;LONDON TRAINER REVIEWS
STdQCfiYixs;3;NIKE AIR MAX 97
STdQCfiYixs;4;NIKE AIR MAX 1
RVOugU-VBWM;1;stone island
RVOugU-VBWM;2;moncler
RVOugU-VBWM;3;cp company
RVOugU-VBWM;4;my designer collection mens
RVOugU-VBWM;5;mens designer collection
RVOugU-VBWM;6;my designer collecton mens
RVOugU-VBWM;7;mens jumper
RVOugU-VBWM;8;mens jacket
RVOugU-VBWM;9;mens designer jackets
RVOugU-VBWM;10;london shopping mens
RVOugU-VBWM;11;hoxtons war
RNpXhdppYW8;1;NIKE
RNpXhdppYW8;2;ADIDAS
RNpXhdppYW8;3;OUTLET
RNpXhdppYW8;4;LONDON
RNpXhdppYW8;5;Cheap Designer
RNpXhdppYW8;6;Cheap Adidas Nike
RNpXhdppYW8;7;Reebok
R-7Ue5171VQ;1;mens fashion
R-7Ue5171VQ;2;tkmaxx outfit challenge
R-7Ue5171VQ;3;stone island
R-7Ue5171VQ;4;moncler
R-7Ue5171VQ;5;gucci
R-7Ue5171VQ;6;supreme
R-7Ue5171VQ;7;palace
R-7Ue5171VQ;8;cp company
QwzhM8mSLto;1;cp company
QwzhM8mSLto;2;photoshoot
QpHF7vYiC5Y;1;STONE ISLAND
QpHF7vYiC5Y;2;CANADA GOOSE
QpHF7vYiC5Y;3;MYSTERY UNBOXING
QpHF7vYiC5Y;4;FLANNELS
QpHF7vYiC5Y;5;MENS OUTERWEAR
QpHF7vYiC5Y;6;MENS JACKETS
QpHF7vYiC5Y;7;MENS DESIGNER JACKET
QpHF7vYiC5Y;8;LUXURY JACKETS
QpCr5APPZB4;1;stone island
QpCr5APPZB4;2;ebay
QpCr5APPZB4;3;stone island cheap
QpCr5APPZB4;4;stone island clothing for cheap
QpCr5APPZB4;5;stone island ebay
QpCr5APPZB4;6;menswear
QpCr5APPZB4;7;thehoxtontrend
QpCr5APPZB4;8;ebay clothing designer
QgRvH63FqaU;1;stone island
QgRvH63FqaU;2;moncler
QgRvH63FqaU;3;gucci
QgRvH63FqaU;4;cp company
QgRvH63FqaU;5;Store Tour
QgRvH63FqaU;6;Massive CP company sale
QgRvH63FqaU;7;menswear designer sale
QgRvH63FqaU;8;designer pop up outlet
QgRvH63FqaU;9;mens designer sale
QgRvH63FqaU;10;offwhite sale
QgRvH63FqaU;11;palm angels sale
QgRvH63FqaU;12;mens clothing
QgRvH63FqaU;13;mens store tour shopping
QfuT1JtAKtQ;1;mens fashion
QfuT1JtAKtQ;2;stone island
QfuT1JtAKtQ;3;moncler
QfuT1JtAKtQ;4;cp company
QfuT1JtAKtQ;5;mens designer clothing reviews
QfuT1JtAKtQ;6;mens clothing luxury
QfuT1JtAKtQ;7;designer clothings for men
QfuT1JtAKtQ;8;winter jackets
QfuT1JtAKtQ;9;moncler maya
QfuT1JtAKtQ;10;canada goose
QYTjDsUQSB0;1;mens fashion
QYTjDsUQSB0;2;stone island
QYTjDsUQSB0;3;moncler
QYTjDsUQSB0;4;mens denim heabs
QYTjDsUQSB0;5;style guide 2021
QYTjDsUQSB0;6;spring summer 2021 style for men
QYTjDsUQSB0;7;moncler t shirt
QYTjDsUQSB0;8;unique pieces t shirt
QYTjDsUQSB0;9;jeans neuw
QYTjDsUQSB0;10;neuw denim
QYTjDsUQSB0;11;9 outfits
QYTjDsUQSB0;12;spring summer fashion guides 2021
QYTjDsUQSB0;13;stone island sweatshirt
QYTjDsUQSB0;14;how to style for summer
QYTjDsUQSB0;15;summer looks for men
QYTjDsUQSB0;16;palm angels t shirts
QGmYhErI9vQ;1;CANADA GOOSE
QGmYhErI9vQ;2;FAKE VS REAL
QGmYhErI9vQ;3;CANADA GOOSE JACKET FAKE
QGmYhErI9vQ;4;FAKE JACKET CANADA GOOSE MACMILLAN
QDFfPAaWTV4;1;cp company
QDFfPAaWTV4;2;50 anniversary collection cp company
QDFfPAaWTV4;3;cp company collection
QDFfPAaWTV4;4;cp company le millie
QDFfPAaWTV4;5;mens cp company haul video
QDFfPAaWTV4;6;stone island vs. cp company
QDFfPAaWTV4;7;stone island vs cp company sweater
QDFfPAaWTV4;8;cp company sweater
QDFfPAaWTV4;9;cp company googles
QDFfPAaWTV4;10;cp company jackets
PwrpIzZyGsE;1;Burberry outlet hackney
PwrpIzZyGsE;2;stone islandf outlet
PwrpIzZyGsE;3;hackney walk
PwrpIzZyGsE;4;burberry cheap
PwrpIzZyGsE;5;burberry review
PwrpIzZyGsE;6;mens clothing
PwrpIzZyGsE;7;outlet stores london
PwrpIzZyGsE;8;outlet stores uk
PwrpIzZyGsE;9;cheap stone island
PwrpIzZyGsE;10;mens fashion reviews
PwrpIzZyGsE;11;mens fashion vlogs london
PwrpIzZyGsE;12;london shopping
PiLlbTyffzU;1;Stone island Beanie hat
PbEVgkFsWOg;1;Luisa Via Roma
PbEVgkFsWOg;2;Dsquared2
PbEVgkFsWOg;3;Y-3
PbEVgkFsWOg;4;Y3
PbEVgkFsWOg;5;Adidas
PbEVgkFsWOg;6;Alpha Industries
PbEVgkFsWOg;7;Kenzo
PTQOxtsIOGw;1;mens fashion
PTQOxtsIOGw;2;Fake Essentials Hoody
PTQOxtsIOGw;3;essentials fake vs real
PTQOxtsIOGw;4;essentials knitted hood review
PTQOxtsIOGw;5;essentials fog review uk
PTQOxtsIOGw;6;essentials is it worth it ?
PTQOxtsIOGw;7;mens essentials knit
PTQOxtsIOGw;8;fake vs real essentials hoody
PTQOxtsIOGw;9;I kept me essentials hoody
PTQOxtsIOGw;10;fear of good hoody essentials
PHwlmlKlkC0;1;Belstaff mens jackets review 2017 london
OnjFRhzhvDk;1;January Sales
OnjFRhzhvDk;2;january sales 2020
OnjFRhzhvDk;3;Mens sales
OnjFRhzhvDk;4;Parajumpers
OnjFRhzhvDk;5;parajumpers gobi
OnjFRhzhvDk;6;get the label
OnjFRhzhvDk;7;get the label real or fake
OnjFRhzhvDk;8;cp company
OnjFRhzhvDk;9;cp company goggle jacket
OnjFRhzhvDk;10;calvin klein
OnjFRhzhvDk;11;How to shops sales
OnjFRhzhvDk;12;how to find cheap designer clothes
OnjFRhzhvDk;13;cheap designers
OnjFRhzhvDk;14;y3 trainers review
OnjFRhzhvDk;15;y3 trainers
OnjFRhzhvDk;16;adidas y3 raito racer
OnjFRhzhvDk;17;alife hoodie
OnjFRhzhvDk;18;mens hoodies
OnjFRhzhvDk;19;mens jacket reviews
OnjFRhzhvDk;20;mens jumpers
OnjFRhzhvDk;21;mens fashion review
OnJOkrHKXcY;1;
Ohaq0uJhfv4;1;stone island
Ohaq0uJhfv4;2;monthly designer collection
Ohaq0uJhfv4;3;moncler
Ohaq0uJhfv4;4;canada goose
Ohaq0uJhfv4;5;designer clothing for men
Ohaq0uJhfv4;6;london style fashion men
Ohaq0uJhfv4;7;stone island jumper
Ohaq0uJhfv4;8;canada gooose jacket
Ohaq0uJhfv4;9;winter jacket for men
OOaPSYTl4O8;1;STONE ISLAND
OOaPSYTl4O8;2;OUTLET
OOaPSYTl4O8;3;CHEAP STONE ISLAND
OOaPSYTl4O8;4;CP COMPANY
OOaPSYTl4O8;5;MENS OUTLET STONE ISLAND
OOaPSYTl4O8;6;HACKNEY WALK
OOaPSYTl4O8;7;STONE ISLAND ON THE CHEAP
OJ_1Y6oCo4U;1;STONE ISLAND MAN MADE SUEDE JACKET
OJ_1Y6oCo4U;2;STONE ISLAND CLOTHING
OJ_1Y6oCo4U;3;STONE ISLAND MENSWEAR
OJ_1Y6oCo4U;4;STONE ISLAND JACKET
OJ_1Y6oCo4U;5;STONE ISLAND REVIEW
OJ_1Y6oCo4U;6;STONE ISLAND WINTER JACKET
OJ_1Y6oCo4U;7;THE HOXTON TREND
NivC1gu-Wi8;1;mens fashion
NivC1gu-Wi8;2;stone island
NivC1gu-Wi8;3;shadow projects stone island
NivC1gu-Wi8;4;black badge
NivC1gu-Wi8;5;stone island shorts
NivC1gu-Wi8;6;mens stone island
NivC1gu-Wi8;7;stone island t shirt
NivC1gu-Wi8;8;shadow projects 2020 collection
NivC1gu-Wi8;9;shadow projects shorts
NivC1gu-Wi8;10;shadow projects review
Mv5rQcQekzM;1;fake accounts
Mv5rQcQekzM;2;how to avoid being scammed
Mv5rQcQekzM;3;paypal scams to avoid
Mv5rQcQekzM;4;shooping safely online
Mv5rQcQekzM;5;stone island
Mv5rQcQekzM;6;canada goose
Mv5rQcQekzM;7;menswear
Mv5rQcQekzM;8;moncler
Mv5rQcQekzM;9;winter jackets
Mv5rQcQekzM;10;the hoxton trend
MuFcQptJaaM;1;mens fashion
MuFcQptJaaM;2;tkmaxx outfit challenge
MuFcQptJaaM;3;stone island
MuFcQptJaaM;4;moncler
MuFcQptJaaM;5;gucci
MuFcQptJaaM;6;supreme
MuFcQptJaaM;7;palace
MuFcQptJaaM;8;cp company
MuFcQptJaaM;9;Stone island outlet
MuFcQptJaaM;10;mens stone island jacket
MuFcQptJaaM;11;stone island cheap
MuFcQptJaaM;12;stone island shorts
MuFcQptJaaM;13;stone island supreme
MuFcQptJaaM;14;stone island cargo pants
MqDdjuTZgZs;1;mens fashion
MqDdjuTZgZs;2;nike air max react
MqDdjuTZgZs;3;nike air max 270
MqDdjuTZgZs;4;nike air max fake vs real
MqDdjuTZgZs;5;fake air max 270
MqDdjuTZgZs;6;nike trainer review 270 m ax
MqDdjuTZgZs;7;air max trainers
MqDdjuTZgZs;8;airmax 270
MqDdjuTZgZs;9;nike air max trainer fake
MqDdjuTZgZs;10;how to spot a fake nike air max 270
MqDdjuTZgZs;11;mens nike 270 max air
MqDdjuTZgZs;12;fake vs real nike air max 270 review
MqDdjuTZgZs;13;mens fake vs real review nike air max trainer
MqDdjuTZgZs;14;ebay fake nike 270
MqDdjuTZgZs;15;dhgate nike air max trainers
MqDdjuTZgZs;16;dh gate nike air max 270
MqDdjuTZgZs;17;counterfiet nike air max 270
MqDdjuTZgZs;18;hoxton trend
MqDdjuTZgZs;19;the hoxton trend
Mp9jcx1XonI;1;Bossman Birdie
Mp9jcx1XonI;2;UK GRIME MC
McjzpmbVsNI;1;mens fashion 2019
McjzpmbVsNI;2;mens fashion uk
McjzpmbVsNI;3;orlebar brown
McjzpmbVsNI;4;beams plus
McjzpmbVsNI;5;mr porter
McjzpmbVsNI;6;mr P collection
McjzpmbVsNI;7;try on mens clothing
McjzpmbVsNI;8;winter outfit
McjzpmbVsNI;9;different brands for men
MD1ynBcBLYU;1;mens fashion
MD1ynBcBLYU;2;tkmaxx outfit challenge
MD1ynBcBLYU;3;stone island
MD1ynBcBLYU;4;moncler
MD1ynBcBLYU;5;gucci
MD1ynBcBLYU;6;supreme
MD1ynBcBLYU;7;palace
MD1ynBcBLYU;8;cp company
M64iBw-VA5o;1;STONE ISLAND DAVID TC ICE JACKET
M64iBw-VA5o;2;STONE ISLAND DAVID TC FIELD JACKET PRIMALOFT
M64iBw-VA5o;3;STONE ISLAND REVIEW
M64iBw-VA5o;4;NAPAPIJRI
M64iBw-VA5o;5;CP COMPANY PARKA REVIEW
M64iBw-VA5o;6;LONDON MENS FASHION
M64iBw-VA5o;7;FASHION VLOG MENS
Lx1Hayr-s8I;1;mens fashion
Lx1Hayr-s8I;2;tkmaxx outfit challenge
Lx1Hayr-s8I;3;stone island
Lx1Hayr-s8I;4;moncler
Lx1Hayr-s8I;5;gucci
Lx1Hayr-s8I;6;supreme
Lx1Hayr-s8I;7;palace
Lx1Hayr-s8I;8;cp company
Lu28RFh4CQY;1;
KyBHLE7LXKE;1;mens fashion
KyBHLE7LXKE;2;stone island
KyBHLE7LXKE;3;moncler
KyBHLE7LXKE;4;Canada goose
KyBHLE7LXKE;5;designer collection
KyBHLE7LXKE;6;mens winter items
KyBHLE7LXKE;7;Moncler Devaux
KyBHLE7LXKE;8;Stone Island Tank Ghost
KyBHLE7LXKE;9;Canada Ghose Chateau
KyBHLE7LXKE;10;Canada Goose Vernon
KyBHLE7LXKE;11;stone island shadow projects
KZeTQvTIST4;1;mens fashion
KZeTQvTIST4;2;moncler
KZeTQvTIST4;3;cp company
KZeTQvTIST4;4;canada goose
KZeTQvTIST4;5;spring summer mystery boxing
KZeTQvTIST4;6;unboxing
KZeTQvTIST4;7;mystery unboxing
KZeTQvTIST4;8;mens haul
KZeTQvTIST4;9;style tips for men
KZeTQvTIST4;10;mens outfits
KZeTQvTIST4;11;mens style
KZeTQvTIST4;12;menswear
KZeTQvTIST4;13;mens fashion trends
KZeTQvTIST4;14;fashion trends
KZeTQvTIST4;15;mens fashion trends 2021
KCvSG2F46Y4;1;mens fashion
KCvSG2F46Y4;2;NIKE GIFT
KCvSG2F46Y4;3;NIKE TRAINERS
KCvSG2F46Y4;4;NIKE TECH
KCvSG2F46Y4;5;GIFT IDEAS
KCvSG2F46Y4;6;NIKE GIFT CARDS
KCvSG2F46Y4;7;NIKE SHOPPING
KCvSG2F46Y4;8;NIKE AIR MAX TUNED
JzhhS0I5O0k;1;mens fashion
JzhhS0I5O0k;2;BLACK FRIDAY
JzhhS0I5O0k;3;CYBER MONDAY
JzhhS0I5O0k;4;SHOPPING WEEKEND
JzhhS0I5O0k;5;DISCOUNTS
JzhhS0I5O0k;6;DESIGNER CLOTHES CHEAP
JzhhS0I5O0k;7;BEST SALES ONLINE BLACK FRIDAY MENSWEAR
JzhhS0I5O0k;8;MENSWEAR SHOPPING ONLINE
JwfoTFgr74Y;1;mens fashion
JwfoTFgr74Y;2;tkmaxx outfit challenge
JwfoTFgr74Y;3;stone island
JwfoTFgr74Y;4;moncler
JwfoTFgr74Y;5;gucci
JwfoTFgr74Y;6;supreme
JwfoTFgr74Y;7;palace
JwfoTFgr74Y;8;cp company
JlTSUfyd7rI;1;Official
JlTSUfyd7rI;2;fifa 18
JlTSUfyd7rI;3;world cup
JlTSUfyd7rI;4;World cup 2018
JlTSUfyd7rI;5;world cup 18
JlTSUfyd7rI;6;nigeria world cup jersey
JlTSUfyd7rI;7;nike football
JlTSUfyd7rI;8;adidas football
JlTSUfyd7rI;9;england kits 2018
JlTSUfyd7rI;10;nigeria kit
JlTSUfyd7rI;11;argentina kit
JlTSUfyd7rI;12;kitbag football
JlTSUfyd7rI;13;soccer
JlTSUfyd7rI;14;football
JkanQkHkong;1;mens fashion
JkanQkHkong;2;hugo boss
JkanQkHkong;3;tracksuits hugo boss
JiiixEex-z0;1;Weather test
JiiixEex-z0;2;stone island
JiiixEex-z0;3;jacket test cold
JiiixEex-z0;4;canada goose how warm
JiiixEex-z0;5;canada goose weathet test
JiiixEex-z0;6;cold weather test
JiiixEex-z0;7;stone island cold jacket test
JiiixEex-z0;8;stone island jacket winter
JiiixEex-z0;9;canada goose winter
JI3b-zXf7Ds;1;NIKE AIR MAX
JI3b-zXf7Ds;2;TRAINERS
JI3b-zXf7Ds;3;FAKE VS REAL 97 NIKE
JI3b-zXf7Ds;4;SPOT A FAKE NIKE AIR MAX 97
JI3b-zXf7Ds;5;COUNTERFIET TRAINERS
JI3b-zXf7Ds;6;FAKE TRAINERS CHINA
JI3b-zXf7Ds;7;A GRADE FAKE
JI3b-zXf7Ds;8;MENS TRAINER REVIEW
JI3b-zXf7Ds;9;THE HOXTON TREND
J4OiZZtNkik;1;Fake vs real
J4OiZZtNkik;2;real dsquared tshirts
J4OiZZtNkik;3;fake dsquared tshirt
J4OiZZtNkik;4;mens dsquared tshirt
J4OiZZtNkik;5;dsquared menswear
J4OiZZtNkik;6;how to spot a fake dsquared
J4OiZZtNkik;7;how to tell a fake dsaquared tshirt
J4OiZZtNkik;8;how to tell if my dsquared tshirt is real
J4OiZZtNkik;9;genuine dsquared tshirt
J4OiZZtNkik;10;thehoxtontrend fake vs real
J1A3ZRQcgKg;1;mens fashion
J1A3ZRQcgKg;2;outlet
J1A3ZRQcgKg;3;bicester outlet
J1A3ZRQcgKg;4;stone island outlet
J1A3ZRQcgKg;5;burberry factory outlet
J1A3ZRQcgKg;6;burberry factory outlet sale
J1A3ZRQcgKg;7;burberry factory outlet london
J1A3ZRQcgKg;8;aquascutum
J1A3ZRQcgKg;9;autumn wear
J1A3ZRQcgKg;10;outfits
J1A3ZRQcgKg;11;without
J1A3ZRQcgKg;12;gentleman's gazette
J1A3ZRQcgKg;13;discount
J1A3ZRQcgKg;14;gentleman
J1A3ZRQcgKg;15;casual style
J1A3ZRQcgKg;16;massimo osti
J1A3ZRQcgKg;17;street style
J1A3ZRQcgKg;18;gentleman's
J1A3ZRQcgKg;19;classic style
J1A3ZRQcgKg;20;aquascutum closing down 2020
J1A3ZRQcgKg;21;british brand closes down
J1A3ZRQcgKg;22;trend coat
J1A3ZRQcgKg;23;british heritage brand
J1A3ZRQcgKg;24;Aquascutum menswear trend coats
J1A3ZRQcgKg;25;Aquascutum outlet london
J0zYPwD-TVg;1;STONE ISLAND CAP
IPc9L3lJ6Ns;1;belstaff
IPc9L3lJ6Ns;2;cpcompany
IPc9L3lJ6Ns;3;eqvvs.co.uk
IPc9L3lJ6Ns;4;stone island
IPc9L3lJ6Ns;5;hoody review
IPc9L3lJ6Ns;6;atone island review
HagHAcE3VWc;1;instagram
HagHAcE3VWc;2;photoshoots
GaHe7jIzqy4;1;stone island
GaHe7jIzqy4;2;alligator collection
GaHe7jIzqy4;3;mens review
GaHe7jIzqy4;4;thehoxtontrend
GaHe7jIzqy4;5;the hoxton trend
GaHe7jIzqy4;6;mens stone island camo
GF7CndRaMgo;1;SPARK
GF7CndRaMgo;2;DJI SPARK
GF7CndRaMgo;3;MENSWEAR
GF7CndRaMgo;4;DRONE FLYING VLOG
GF7CndRaMgo;5;THEHOXTONTREND
GF7CndRaMgo;6;VICTORIA PARK EAST LONDON
GF7CndRaMgo;7;BOW
GF7CndRaMgo;8;VLOG LONFON
G2i9r2OtGoQ;1;STONE ISLAND PERTEX Y
G2i9r2OtGoQ;2;MENSWEAR REVIEW
G2i9r2OtGoQ;3;STONE ISLAND REVIEW
FxURRUI-rGQ;1;new balance 365 trainer
FxURRUI-rGQ;2;new balance
FxURRUI-rGQ;3;retro trainer
EnrFltVOF-Q;1;gucci
EnrFltVOF-Q;2;gucci jacket
EnrFltVOF-Q;3;mens jacket gucci
EnrFltVOF-Q;4;mens gucci 2018
EnrFltVOF-Q;5;gucci london
EnrFltVOF-Q;6;reviewing gucci clothes mens
EnrFltVOF-Q;7;down jacket
EnrFltVOF-Q;8;panther gucci
EnrFltVOF-Q;9;is it worth it gucci?
E6qtmUH7CC4;1;mens fashion
E6qtmUH7CC4;2;tkmaxx outfit challenge
E6qtmUH7CC4;3;stone island
E6qtmUH7CC4;4;moncler
E6qtmUH7CC4;5;gucci
E6qtmUH7CC4;6;supreme
E6qtmUH7CC4;7;palace
E6qtmUH7CC4;8;cp company
E3KSEJMmbcI;1;mens fashion
E3KSEJMmbcI;2;mystery unboxing
E3KSEJMmbcI;3;menswear unboxing
E3KSEJMmbcI;4;cheap designer items
E3KSEJMmbcI;5;cheap brands for men
E3KSEJMmbcI;6;menswear review
E3KSEJMmbcI;7;hoxton trend
E3KSEJMmbcI;8;shopping budget men
E3KSEJMmbcI;9;designer out fit try on
E3KSEJMmbcI;10;Axel Arigato
E3KSEJMmbcI;11;neil barrett
E3KSEJMmbcI;12;ma strum
E3KSEJMmbcI;13;marshall artist
E3KSEJMmbcI;14;versace
E-jeUnTg3Es;1;BOXING DAY SALES
E-jeUnTg3Es;2;CHRISTMAS SALES
E-jeUnTg3Es;3;MENSWEAR
E-jeUnTg3Es;4;FASHION BUYING TIPS
DgFPjU6ZzT4;1;selfridges
DgFPjU6ZzT4;2;stone island
DgFPjU6ZzT4;3;canada goose
DgFPjU6ZzT4;4;gucci
DgFPjU6ZzT4;5;moncler
DgFPjU6ZzT4;6;givenchy
D7xiUDg3eTI;1;mens fashion
D7xiUDg3eTI;2;tkmaxx outfit challenge
D7xiUDg3eTI;3;stone island
D7xiUDg3eTI;4;moncler
D7xiUDg3eTI;5;gucci
D7xiUDg3eTI;6;supreme
D7xiUDg3eTI;7;palace
D7xiUDg3eTI;8;cp company
D7xiUDg3eTI;9;stone island milan showroom
D7xiUDg3eTI;10;stone island milan
D7xiUDg3eTI;11;stone island prototype 4
D7xiUDg3eTI;12;nlyon flock prototype
CVgPvQ1yxOA;1;mens fashion
CVgPvQ1yxOA;2;stone island
CVgPvQ1yxOA;3;moncler
CVgPvQ1yxOA;4;gucci
CVgPvQ1yxOA;5;cp company
CVgPvQ1yxOA;6;prada
CVgPvQ1yxOA;7;balenciaga
CVgPvQ1yxOA;8;massive menswear designer sale
CVgPvQ1yxOA;9;designer sale
CVgPvQ1yxOA;10;clearance
CVgPvQ1yxOA;11;stone island outlet store
CVgPvQ1yxOA;12;london store
CVgPvQ1yxOA;13;cheap designer clothing men
CVgPvQ1yxOA;14;womens outlet
CHxsxNTYG8U;1;jazzy badger
CHxsxNTYG8U;2;vintage stone island
CHxsxNTYG8U;3;buying vintage clothing for men
BWZ5qqWcKKI;1;stone island
BWZ5qqWcKKI;2;cp company
BFyvh2TUqvk;1;GUCCI POLO
BFyvh2TUqvk;2;SPOT THE FAKE
BFyvh2TUqvk;3;FAKE GUCCI POLO
BFyvh2TUqvk;4;HOW TO SPOT FAKE GUCCI
BFyvh2TUqvk;5;GUCCI MENS
BFyvh2TUqvk;6;GUCCI POLO SHIRT REVIEW
BFyvh2TUqvk;7;MENS POLO SHIRT
BFyvh2TUqvk;8;FAKE VS REAL
BFyvh2TUqvk;9;MENS DESIGNER GUCCI
BFyvh2TUqvk;10;GUCCI SHIRT
BFyvh2TUqvk;11;MENS GUCCI SHOES
BFyvh2TUqvk;12;MENS FASHION
AvKrOa0ltxw;1;mens fashion
AvKrOa0ltxw;2;canada goose
AvKrOa0ltxw;3;hybridge lite
AvKrOa0ltxw;4;fake vs real
AvKrOa0ltxw;5;canada goose fake
AvKrOa0ltxw;6;canada goose counterfiet
AvKrOa0ltxw;7;authentic canada goose
AvKrOa0ltxw;8;genuine canada goose hybridge
AFpME2E2GAY;1;mens fashion
AFpME2E2GAY;2;tkmaxx outfit challenge
AFpME2E2GAY;3;stone island
AFpME2E2GAY;4;moncler
AFpME2E2GAY;5;gucci
AFpME2E2GAY;6;supreme
AFpME2E2GAY;7;palace
AFpME2E2GAY;8;cp company
AEyPT-b3JsI;1;footasylum
AEyPT-b3JsI;2;reebok
AEyPT-b3JsI;3;the north face
AEyPT-b3JsI;4;outfit challenge
AEyPT-b3JsI;5;mens style challange
AEyPT-b3JsI;6;footasylum trainers
AEyPT-b3JsI;7;style a pair of
AEyPT-b3JsI;8;reeboks
9y1C4OA_5VI;1;techwear
9y1C4OA_5VI;2;tech wear
9y1C4OA_5VI;3;techwear fashion
9y1C4OA_5VI;4;nike alyx
9y1C4OA_5VI;5;nike mmw
9y1C4OA_5VI;6;nike collab
9y1C4OA_5VI;7;nike techwear
9y1C4OA_5VI;8;2018 alyx
9y1C4OA_5VI;9;alyx review
9y1C4OA_5VI;10;mmw review
9y1C4OA_5VI;11;matthew williams
9y1C4OA_5VI;12;matthew m williams
9y1C4OA_5VI;13;running techwear
9y1C4OA_5VI;14;performance fashion
9y1C4OA_5VI;15;mens fashion
9y1C4OA_5VI;16;nike gyakosou
9y1C4OA_5VI;17;streetwear
9y1C4OA_5VI;18;hypebeast
9y1C4OA_5VI;19;nike alyx collab
9y1C4OA_5VI;20;hoxton trend
9y1C4OA_5VI;21;the hoxton trend
9y1C4OA_5VI;22;nike mmw 1017 alyx 9sm
9y1C4OA_5VI;23;mens nike high end designer
9y1C4OA_5VI;24;who is 1017 alyx 9sm
9y1C4OA_5VI;25;who is matthew williams
9y1C4OA_5VI;26;who is mmw
9y1C4OA_5VI;27;menswear mmw review
9y1C4OA_5VI;28;brand review 1017 alyx 9sm
9vN9rRg3aBk;1;Certilogo
9vN9rRg3aBk;2;how to use certilogo
95ZVDLRT4II;1;
8hx_CVq3vEg;1;NIKE
8hx_CVq3vEg;2;NIKE tracksuit
8hx_CVq3vEg;3;nike trainers dunk sp
8hx_CVq3vEg;4;nike menswear
8hx_CVq3vEg;5;nike joggers
8hx_CVq3vEg;6;nike teck fleece
8hx_CVq3vEg;7;mens tracksuit tech fleece
8_mMgloH06Y;1;mens fashion
8_mMgloH06Y;2;tkmaxx outfit challenge
8_mMgloH06Y;3;stone island
8_mMgloH06Y;4;moncler
8_mMgloH06Y;5;gucci
8_mMgloH06Y;6;supreme
8_mMgloH06Y;7;palace
8_mMgloH06Y;8;cp company
8X1QKE4w8uA;1;off white
8SCxvAlxP7s;1;mens fashion
8SCxvAlxP7s;2;tkmaxx outfit challenge
8SCxvAlxP7s;3;stone island
8SCxvAlxP7s;4;moncler
8SCxvAlxP7s;5;gucci
8SCxvAlxP7s;6;supreme
8SCxvAlxP7s;7;palace
8SCxvAlxP7s;8;cp company
8SCxvAlxP7s;9;TOPMAN
8SCxvAlxP7s;10;STYLE CHALLENGE
8FFx36VPoFA;1;FAKE SPOTTA CHALLENGE
8FFx36VPoFA;2;THE HOXTON TREND
8FFx36VPoFA;3;FAKE VS REAL
8FFx36VPoFA;4;LOUIS VUITTON
8FFx36VPoFA;5;LOUIS VUTTIN BELT
8FFx36VPoFA;6;LOUIS VUITTON FAKE
8FFx36VPoFA;7;HOW TO SPOT FAKE LOUIS VUITTON BELT
8FFx36VPoFA;8;BOXPARK
8FFx36VPoFA;9;SHOREDITCH
8FFx36VPoFA;10;BOX PARK IN SHOREDITCH
8FFx36VPoFA;11;EAST LONDON
875NpMnevak;1;mens fashion
875NpMnevak;2;tkmaxx outfit challenge
875NpMnevak;3;stone island
875NpMnevak;4;moncler
875NpMnevak;5;gucci
875NpMnevak;6;supreme
875NpMnevak;7;palace
875NpMnevak;8;cp company
7kmNfzzgVvs;1;mens fashion
7kmNfzzgVvs;2;tkmaxx outfit challenge
7kmNfzzgVvs;3;stone island
7kmNfzzgVvs;4;moncler
7kmNfzzgVvs;5;gucci
7kmNfzzgVvs;6;supreme
7kmNfzzgVvs;7;palace
7kmNfzzgVvs;8;cp company
7dx85aZ7Xdo;1;stone island
7dx85aZ7Xdo;2;canada goose
7dx85aZ7Xdo;3;street challenge
7dx85aZ7Xdo;4;fake canada goose
7dx85aZ7Xdo;5;how to spot a fake canada goose jacket
7dx85aZ7Xdo;6;winter jacket canada goose
7dx85aZ7Xdo;7;canada goose maitland
7dx85aZ7Xdo;8;canada goose macmillan
7dx85aZ7Xdo;9;canada goose cheap
7cwAgRJPBxA;1;Mastermin japan
7cwAgRJPBxA;2;Nuptse jacket
7cwAgRJPBxA;3;The NOrth face
7cwAgRJPBxA;4;the north face jacket review
7Kg62xryma0;1;mens fashion
7Kg62xryma0;2;mystery unboxing
7Kg62xryma0;3;mackage
7Kg62xryma0;4;winter unboxing
7Kg62xryma0;5;pyrenex
7Kg62xryma0;6;menswear
7Kg62xryma0;7;mens clothing
7IuAKaKX6ow;1;mens fashion
7IuAKaKX6ow;2;dsquared
7IuAKaKX6ow;3;dsquared2
7IuAKaKX6ow;4;dsquared2 hoodies
7IuAKaKX6ow;5;mens hoodies
7IuAKaKX6ow;6;menswear
7IuAKaKX6ow;7;designer
7HfHCeuj6fs;1;Copy nike trainers
7HfHCeuj6fs;2;fake nike trainers
7HfHCeuj6fs;3;mens trainers
7HfHCeuj6fs;4;nike tn plus vapor max
7HfHCeuj6fs;5;nike vapor max fake vs real
7HfHCeuj6fs;6;fake vs real nike trainers
7-WcffbJk4k;1;mens fashion
7-WcffbJk4k;2;canada goose
7-WcffbJk4k;3;canada goose chilliwack
7-WcffbJk4k;4;2020 canada goose hologram chilliwack bomber jacket
7-WcffbJk4k;5;2020 canada goose winter jacket
7-WcffbJk4k;6;canada goose winter jacket
7-WcffbJk4k;7;2020 canada goose chilliwack
7-WcffbJk4k;8;mens canada goose
7-WcffbJk4k;9;canada goose review
7-WcffbJk4k;10;mens jacket winter
7-WcffbJk4k;11;canada goose mens fur
7-WcffbJk4k;12;canada goose fur
7-WcffbJk4k;13;fake vs real chilliwack
7-WcffbJk4k;14;canada goose cheap
7-WcffbJk4k;15;canada goose sale
623Z-KIRyuY;1;mens fashion
623Z-KIRyuY;2;tkmaxx outfit challenge
623Z-KIRyuY;3;stone island
623Z-KIRyuY;4;moncler
623Z-KIRyuY;5;gucci
623Z-KIRyuY;6;supreme
623Z-KIRyuY;7;palace
623Z-KIRyuY;8;cp company
623Z-KIRyuY;9;David TC Parka Winter Jacket
623Z-KIRyuY;10;Stone Island David tc pink
623Z-KIRyuY;11;Stone Island Primaloft
5jCF7VsM9fg;1;Belfast jackets mens
5jCF7VsM9fg;2;bestaff nenbs jacket
5jCF7VsM9fg;3;belstaff
5fwm-A4xckQ;1;Selfridges
5fwm-A4xckQ;2;how to style like a footballer
5fwm-A4xckQ;3;alex oxlade chamberlain style
5fwm-A4xckQ;4;designer look
5fwm-A4xckQ;5;designer budgets
5fwm-A4xckQ;6;valentino rockstuds
5fwm-A4xckQ;7;stone island
5fwm-A4xckQ;8;off white
5fwm-A4xckQ;9;mens designer clothing reviews
5fwm-A4xckQ;10;selfridges unboxing
5fwm-A4xckQ;11;how to dress like challenge
5ZahqIDPtj8;1;mens fashion
5ZahqIDPtj8;2;nike air max genome 2021
5ZahqIDPtj8;3;nike air max tuned air
5ZahqIDPtj8;4;nike air max tn plus
5ZahqIDPtj8;5;Moncler Tshirt
5ZahqIDPtj8;6;Rhude Tshirt
5ZahqIDPtj8;7;Nudie Jeans
5ZahqIDPtj8;8;Nike SP RPM bag
5ZahqIDPtj8;9;Nike Tech t shirt
5ZahqIDPtj8;10;Outfit style challenge
5ZahqIDPtj8;11;london style challenge
5ZahqIDPtj8;12;spring summer mens outfit challenge
5X_sk_1hmC8;1;end clothing london
5X_sk_1hmC8;2;moncler
5X_sk_1hmC8;3;off white
5X_sk_1hmC8;4;heron preston
5X_sk_1hmC8;5;canada goose
5X_sk_1hmC8;6;stone island
5X_sk_1hmC8;7;nik e
5X_sk_1hmC8;8;adidas
5X_sk_1hmC8;9;nike
5X_sk_1hmC8;10;puma
5X_sk_1hmC8;11;mens designer clothing
4qaxMOL3qn8;1;mens fashion
4qaxMOL3qn8;2;what it takes to start your own clothing brand
4qaxMOL3qn8;3;how to create a profitable personal brand
4qaxMOL3qn8;4;how to create a clothing brand
4qaxMOL3qn8;5;how to start a clothing brand
4qaxMOL3qn8;6;how to screen print
4qaxMOL3qn8;7;how to build a clothing brand
4qaxMOL3qn8;8;how to build a personal brand on instagram
4qaxMOL3qn8;9;how to start a brand
4qaxMOL3qn8;10;how to brand your clothing
4qaxMOL3qn8;11;london streetwear brand
4qaxMOL3qn8;12;street wear brand london
4qaxMOL3qn8;13;find manufacturers on alibaba
4qXN_m0s5j0;1;Dsquared Jeans
4qXN_m0s5j0;2;Dsquared Trucker Hat
4qXN_m0s5j0;3;How to Spot a fake dsquared
4qXN_m0s5j0;4;fake vs real trucket hat
4qXN_m0s5j0;5;dsquared menswear
4qXN_m0s5j0;6;mens fashion guide london
4qXN_m0s5j0;7;dsquared tee shirt
4qXN_m0s5j0;8;is my dsquared real?
4TJCzY3Ph88;1;mens fashion
4TJCzY3Ph88;2;tkmaxx outfit challenge
4TJCzY3Ph88;3;stone island
4TJCzY3Ph88;4;moncler
4TJCzY3Ph88;5;gucci
4TJCzY3Ph88;6;supreme
4TJCzY3Ph88;7;palace
4TJCzY3Ph88;8;cp company
40_abdTaZTw;1;Black Friday Sales
40_abdTaZTw;2;Mens sales
40_abdTaZTw;3;black friday weekend
40_abdTaZTw;4;Find the best deals online
40_abdTaZTw;5;UK shopping
40_abdTaZTw;6;menswear
40_abdTaZTw;7;nike trainers
40_abdTaZTw;8;trainers sales
40_abdTaZTw;9;clothing sales
40_abdTaZTw;10;te
40_abdTaZTw;11;the top places black friday
40_abdTaZTw;12;Cyber Monday
40_abdTaZTw;13;Cyber Monday sales
40_abdTaZTw;14;Cyber Monday discounts
40_abdTaZTw;15;Cyber weekend
40_abdTaZTw;16;Canada Goose
40_abdTaZTw;17;Winter Jacket
40_abdTaZTw;18;Balmain
40_abdTaZTw;19;Gucci
40_abdTaZTw;20;Moncler
40_abdTaZTw;21;Stone Island
3r3lWi_T45g;1;Stone island presidential knit
3r3lWi_T45g;2;ghost knit
3r3lWi_T45g;3;review
3r3lWi_T45g;4;menswear
3r3lWi_T45g;5;cp company
3r3lWi_T45g;6;winter mens fashion
3Cg8-eoNXdY;1;mens fashion
3Cg8-eoNXdY;2;Denim Jeans
3Cg8-eoNXdY;3;Slim fit denim
3Cg8-eoNXdY;4;Skinny fit denim jeans
3Cg8-eoNXdY;5;mens jeans try on
3Cg8-eoNXdY;6;mens jeans styles
3Cg8-eoNXdY;7;menswear jeans
3Cg8-eoNXdY;8;mens fashion trends
3Cg8-eoNXdY;9;mens fashion tips
3Cg8-eoNXdY;10;slim jeans
3Cg8-eoNXdY;11;mens jeans
3Cg8-eoNXdY;12;jeans haul
3Cg8-eoNXdY;13;jeans pick ups
2lxvq3O7h-o;1;FOLLOWERS OUTFIT CHALLENGE
2lxvq3O7h-o;2;OUT FIT CHALLENGE
2lxvq3O7h-o;3;EQVVS
2lxvq3O7h-o;4;CP COMPANY
2lxvq3O7h-o;5;PAUL SMITH
2lxvq3O7h-o;6;STONE ISLAND
2lxvq3O7h-o;7;MARSHAL ARTISTS
2NhZyfcsKks;1;Moncler
2NhZyfcsKks;2;stone island
2NhZyfcsKks;3;mens stone island review
2NhZyfcsKks;4;ss18 collection stone island summer review
2NhZyfcsKks;5;spring menswear
2NhZyfcsKks;6;london vlog fashion mens
2NhZyfcsKks;7;supreme
2NhZyfcsKks;8;palace
2NhZyfcsKks;9;cp company
2NhZyfcsKks;10;off white
2NhZyfcsKks;11;yeezy
1naEPL_0xf4;1;mens fashion
1naEPL_0xf4;2;tkmaxx outfit challenge
1naEPL_0xf4;3;stone island
1naEPL_0xf4;4;moncler
1naEPL_0xf4;5;gucci
1naEPL_0xf4;6;supreme
1naEPL_0xf4;7;palace
1naEPL_0xf4;8;cp company
1naEPL_0xf4;9;SUPREME X STONE ISLAND SS19
1naEPL_0xf4;10;STONE ISLAND SUPREME RIOT TOFFEE SILK
1naEPL_0xf4;11;SUPREME STORE LONDON
1naEPL_0xf4;12;STONE ISLAND 2019
1naEPL_0xf4;13;SUPREME COLLABORATION
1aZVCuS7WLM;1;mens fashion
1aZVCuS7WLM;2;stone island
1aZVCuS7WLM;3;moncler
1aZVCuS7WLM;4;moncler buys stone island
1aZVCuS7WLM;5;moncler x stone island collaboration
1aZVCuS7WLM;6;designer luxury news
1W0dPu1gjnA;1;stone island
1W0dPu1gjnA;2;plumirus
1W0dPu1gjnA;3;mastermind
1W0dPu1gjnA;4;supreme
1W0dPu1gjnA;5;palace
1MFX0fYZquI;1;MONCLER
1MFX0fYZquI;2;GSTART
1MFX0fYZquI;3;JACKET CHALLENGE
1MFX0fYZquI;4;MONCLER JACKET APREMONT RODEZ
1MFX0fYZquI;5;LEVIS
1MFX0fYZquI;6;EA7 TRACKSUIT
1MFX0fYZquI;7;TRAINERS
1MFX0fYZquI;8;LONDON MENS FASHION
1HeoVdevH4U;1;mens fashion
1HeoVdevH4U;2;tkmaxx outfit challenge
1HeoVdevH4U;3;stone island
1HeoVdevH4U;4;moncler
1HeoVdevH4U;5;gucci
1HeoVdevH4U;6;supreme
1HeoVdevH4U;7;palace
1HeoVdevH4U;8;cp company
1HeoVdevH4U;9;hugo boss
1HeoVdevH4U;10;moncler jacket review
1HeoVdevH4U;11;stone island jacket review
1HeoVdevH4U;12;Designer Collection
185O2XH9JOY;1;moose knuckles
185O2XH9JOY;2;winter jacket
185O2XH9JOY;3;mens winter clothing
185O2XH9JOY;4;canadian winter jackets
185O2XH9JOY;5;canada goose
0ecObmzXrHE;1;MENSWEAR OUTFITS
0ecObmzXrHE;2;MENSWEAR CLOTHING
0ecObmzXrHE;3;LEE DENIM JEANS
0ecObmzXrHE;4;BELSTAFF SWEATER
0ecObmzXrHE;5;THE NORTH FACE NUPTSE
0WS-_olBHek;1;black friday shopping
0WS-_olBHek;2;stone island
0WS-_olBHek;3;canada goose
0WS-_olBHek;4;moncler
0WS-_olBHek;5;sales
0WS-_olBHek;6;cheap designer clothing
0WS-_olBHek;7;cyber monday
0IQxwquZ1z8;1;mens fashion
0IQxwquZ1z8;2;canada goose
0IQxwquZ1z8;3;2020 chilliwack
0IQxwquZ1z8;4;2020 wyndham
0IQxwquZ1z8;5;canada goose jacket review
0IQxwquZ1z8;6;canada goose winter
0IQxwquZ1z8;7;canada goose parka 2020
0IQxwquZ1z8;8;winter jackets
0-ZCc21ot_M;1;MA STRUM
0-ZCc21ot_M;2;MENS JACKETS
0-ZCc21ot_M;3;COMPETITION
0-ZCc21ot_M;4;AQUASCUTUM
0-ZCc21ot_M;5;FILLING PIECES
0-ZCc21ot_M;6;ARMANI
0-ZCc21ot_M;7;HUGO BOSS
-gTkxpx8sok;1;mens fashion
-gTkxpx8sok;2;tkmaxx outfit challenge
-gTkxpx8sok;3;stone island
-gTkxpx8sok;4;moncler
-gTkxpx8sok;5;gucci
-gTkxpx8sok;6;supreme
-gTkxpx8sok;7;palace
-gTkxpx8sok;8;cp company
-_sRqyAV21g;1;mens fashion
-_sRqyAV21g;2;tkmaxx outfit challenge
-_sRqyAV21g;3;stone island
-_sRqyAV21g;4;moncler
-_sRqyAV21g;5;gucci
-_sRqyAV21g;6;supreme
-_sRqyAV21g;7;palace
-_sRqyAV21g;8;cp company
-62No0ZxYdo;1;harrods outlet westfield
-62No0ZxYdo;2;harrods outlet
-62No0ZxYdo;3;harrods cheap
-62No0ZxYdo;4;harrods outlet store london
-62No0ZxYdo;5;harrods shopping london
-62No0ZxYdo;6;harrods discount
-62No0ZxYdo;7;harrods sale
-62No0ZxYdo;8;harrods 2020 outlet
-62No0ZxYdo;9;off white
-62No0ZxYdo;10;dsquared
-62No0ZxYdo;11;kenzo
-62No0ZxYdo;12;versace
